<?xml version="1.0" encoding="UTF-8"?>
<cis11:GeneralGridCoverage
    xmlns:cis11="http://www.opengis.net/cis/1.1/gml"
    xmlns:gml="http://www.opengis.net/gml/3.2"
    xmlns:swe="http://www.opengis.net/swe/2.0"
    xmlns:xlink="http://www.w3.org/1999/xlink"
    xmlns:xsi="http://www.w3.org/2001/XMLSchema-instance"
    xsi:schemaLocation="http://www.opengis.net/cis/1.1/gml http://schemas.opengis.net/cis/1.1/gml/cisAll.xsd"
    gml:id="grey">
    <cis11:Envelope srsName="http://www.opengis.net/def/crs/EPSG/0/32611" axisLabels="x y" srsDimension="2">
        <cis11:AxisExtent axisLabel="x" uomLabel="m" lowerBound="5" upperBound="395"/>
        <cis11:AxisExtent axisLabel="y" uomLabel="m" lowerBound="5" upperBound="295"/>
    </cis11:Envelope>
    <cis11:DomainSet>
        <cis11:GeneralGrid srsName="http://www.opengis.net/def/crs/EPSG/0/32611" axisLabels="x y">
            <cis11:RegularAxis axisLabel="x" uomLabel="m" lowerBound="5" upperBound="395" resolution="10"/>
            <cis11:RegularAxis axisLabel="y" uomLabel="m" lowerBound="5" upperBound="295" resolution="10"/>
            <cis11:GridLimits srsName="http://www.opengis.net/def/crs/OGC/0/Index2D" axisLabels="i j">
                <cis11:IndexAxis axisLabel="i" lowerBound="0" upperBound="39"/>
                <cis11:IndexAxis axisLabel="j" lowerBound="0" upperBound="29"/>
            </cis11:GridLimits>
        </cis11:GeneralGrid>
    </cis11:DomainSet>
    <cis11:RangeSet>
        <cis11:FileReference>cid:grey.tif</cis11:FileReference>
    </cis11:RangeSet>
    <cis11:RangeType>
        <swe:DataRecord>
            <swe:field name="grey">
                <swe:Quantity definition="http://www.opengis.net/def/property/OGC/0/Radiance">
                    <swe:description>Grey band</swe:description>
                    <swe:nilValues/>
                    <swe:uom code="W.m-2.sr-1.nm-1"/>
                    <swe:constraint>
                        <swe:AllowedValues>
                            <swe:interval>-32768 32767</swe:interval>
                        </swe:AllowedValues>
                    </swe:constraint>
                </swe:Quantity>
            </swe:field>
        </swe:DataRecord>
    </cis11:RangeType>
</cis11:GeneralGridCoverage>
