<?xml version="1.0" encoding="UTF-8"?>
<Transformation xmlns="http://www.opengis.net/gml" 
xmlns:gml="http://www.opengis.net/gml" 
xmlns:xlink="http://www.w3.org/1999/xlink" 
xmlns:xsi="http://www.w3.org/2001/XMLSchema-instance" 
xsi:schemaLocation="http://www.opengis.net/gml ../gmlGridCRSsProfile.xsd" 
gml:id="TemplateGeoreferencingTransformation">
	<!-- Primary editor: Arliss Whiteside. Last updated 2005-11-15 -->
	<coordinateOperationName>Example template for image georeferencing coordinate Transformations</coordinateOperationName>
	<operationVersion>1.0</operationVersion>
	<sourceCRS xlink:href="urn:ogc:def:crs:EPSG:6.3:TBD">
		<!-- This sourceCRS must be 3D. -->
	</sourceCRS>
	<targetCRS xlink:href="urn:ogc:def:crs:OGC:0.0:ImageCRSpixelCenter:TBD"/>
	<usesMethod xlink:href="urn:ogc:def:method:OGC:0.0:ReplacementSensorModel"/>
	<usesValue>
		<valueFile>http://baesystems.com/rsm/rsmParameterValues/TBD.xml</valueFile>
		<valueOfParameter xlink:href="http://baesystems.com/rsm/rsmParameters"/>
	</usesValue>
</Transformation>
