<?xml version="1.0" encoding="UTF-8"?>

<!-- Example of a sub-coverage of a partitioned coverage, 50_3D_partitioned.xml,
     as defined in the OGC Coverage Implementation Schema 1.1.
     Coverage is georeferenced; the coverage's position (as per its local domain set) may be different from the one the super-coverage foresees for it.
     Last updated 2016-aug-11.
-->

<GeneralGridCoverage
    xmlns='http://www.opengis.net/cis/1.1/gml'
    xmlns:gml='http://www.opengis.net/gml/3.2'
    xmlns:swe='http://www.opengis.net/swe/2.0'
    xmlns:xsi='http://www.w3.org/2001/XMLSchema-instance'
    xsi:schemaLocation='http://www.opengis.net/cis/1.1/gml ../cisAll.xsd'
    gml:id="CIS_002">

    <DomainSet>
        <GeneralGrid srsName="http://www.opengis.net/def/crs/EPSG/0/4326" axisLabels="Lat Long">
            <RegularAxis axisLabel="Lat"  uomLabel="deg" lowerBound="-80" upperBound="-70" resolution="10"/>
            <RegularAxis axisLabel="Long" uomLabel="deg" lowerBound="0" upperBound="10" resolution="10"/>
        </GeneralGrid>
    </DomainSet>

    <RangeSet>
        <DataBlock>
            <V>1</V> <V>2</V> <V>3</V> <V>4</V>
        </DataBlock>
    </RangeSet>

    <RangeType>
        <swe:DataRecord>
            <swe:field name="singleBand">
                <swe:Quantity definition="http://www.opengis.net/def/dataType/OGC/0/unsignedInt">
                    <swe:uom code="10^0" />
                </swe:Quantity>
            </swe:field>
        </swe:DataRecord>
    </RangeType>

</GeneralGridCoverage>

