<?xml version="1.0" encoding="UTF-8"?>

<!-- Example of a sensor model coverage
     as defined in the OGC Coverage Implementation Schema 1.1.
     Last updated 2016-aug-11.
-->

<SensorModelCoverage
    xmlns='http://www.opengis.net/cis/1.1/gml'
    xmlns:gml='http://www.opengis.net/gml/3.2'
    xmlns:swe='http://www.opengis.net/swe/2.0'
    xmlns:sml="http://www.opengis.net/sensorml/2.0"
    xmlns:xlink="http://www.w3.org/1999/xlink"
    xmlns:xsi='http://www.w3.org/2001/XMLSchema-instance'
    xsi:schemaLocation='http://www.opengis.net/cis/1.1/gml ../cisAll.xsd'
    gml:id="CIS_001">

    <Envelope srsName="http://www.opengis.net/def/crs/EPSG/0/4326" axisLabels="Lat Long" srsDimension="2">
        <AxisExtent axisLabel="Lat"  uomLabel="deg" lowerBound="-80" upperBound="-70"/>
        <AxisExtent axisLabel="Long" uomLabel="deg" lowerBound="0"   upperBound="10"/>
    </Envelope>

    <DomainSet>
        <GeneralGrid srsName="http://www.opengis.net/def/crs/EPSG/0/4326" axisLabels="Lat Long">
            <TransformationBySensorModel axisLabels="Lat Long" uomLabels="deg deg">
                <SensorModel xlink:href="http://www.sensorml.com/sensorML-2.0/examples/csmFrame.html"/>
                <SensorInstance xlink:href="http://www.sensorml.com/sensorML-2.0/examples/myHDCamera.html"/>
            </TransformationBySensorModel>
            <GridLimits srsName="http://www.opengis.net/def/crs/OGC/0/Index2D" axisLabels="i j">
                <IndexAxis axisLabel="i" lowerBound="0" upperBound="1919"/>
                <IndexAxis axisLabel="j" lowerBound="0" upperBound="1079"/>
            </GridLimits>
        </GeneralGrid>
    </DomainSet>

    <RangeSet>
        <FileReference>http://www.acme.com/cis_001.jpeg</FileReference>
    </RangeSet>

    <RangeType>
        <swe:DataRecord>
            <swe:field name="panchromatic">
                <swe:Quantity definition="http://www.opengis.net/def/dataType/OGC/0/unsignedInt">
                    <swe:uom code="10^0"/>
                </swe:Quantity>
            </swe:field>
        </swe:DataRecord>
    </RangeType>

</SensorModelCoverage>
