{
	"@context": ["http://localhost/json-ld/coverage-context.json", {"examples": "http://www.opengis.net/cis/1.1/examples/"}],
	"type": "CoverageByDomainAndRangeType",
	"id": "examples:CIS_05_2D",
	"domainSet":{
		"@context": "http://localhost/json-ld/domainset-context.json",
		"type": "DomainSetType",
		"id": "examples:CIS_DS_05_2D",
		"generalGrid":{
			"type": "GeneralGridCoverageType",
			"id": "examples:CIS_DS_GG_05_2D",
			"srsName": "http://www.opengis.net/def/crs/OGC/0/Index2D",
			"axisLabels": ["i", "j"],
			"axis": [{
				"type": "IndexAxisType",
				"id": "examples:CIS_DS_GG_I_05_2D",
				"axisLabel": "i",
				"lowerBound": 0,
				"upperBound": 2
			},{
				"type": "IndexAxisType",
				"id": "examples:CIS_DS_GG_J_05_2D",
				"axisLabel": "j",
				"lowerBound": 0,
				"upperBound": 2
			}]
		}
	},
	"rangeSet": {
		"@context": "http://localhost/json-ld/rangeset-context.json",
		"type": "RangeSetType",
		"id": "examples:CIS_RS_05_2D",
		"dataBlock": {
			"id": "examples:CIS_RS_DB_05_2D",
			"type": "VDataBlockType",
			"values": [1,2,3,4,5,6,7,8,9]
		}
	},
	"rangeType": {
		"@context": "http://localhost/json-ld/rangetype-context.json",
		"type": "DataRecordType",
		"id": "examples:CIS_RT_05_2D",
		"field":[{
			"type": "QuantityType",
			"id": "examples:CIS_RT_F_05_2D",
			"definition": "ogcType:unsignedInt",
			"uom": {
				"type": "UnitReference",
				"id": "examples:CIS_RT_F_UOM_05_2D",
				"code": "10^0"
			}
		}]
	}
}
