{
	"@context": ["http://localhost/json-ld/coverage-context.json", {"examples": "http://www.opengis.net/cis/1.1/examples/"}],
	"type": "CoverageByDomainAndRangeType",
	"id": "examples:CIS_25_3D",
	"domainSet":{
		"@context": "http://localhost/json-ld/domainset-context.json",
		"type": "DomainSetType",
		"id": "examples:CIS_DS_25_3D",
		"generalGrid":{
			"type": "GeneralGridCoverageType",
			"id": "examples:CIS_DS_GG_25_3D",
			"srsName": "http://www.opengis.net/def/crs-compound?1=http://www.opengis.net/def/crs/EPSG/0/4326&amp;2=http://www.opengis.net/def/crs/OGC/0/AnsiDate",
			"axisLabels": ["Lat", "Long", "date"],
			"axis": [{
				"type": "RegularAxisType",
				"id": "examples:CIS_DS_GG_LAT_25_3D",
				"axisLabel": "Lat",
				"lowerBound": 40,
				"upperBound": 60,
				"uomLabel": "deg",
				"resolution": 10
			},{
				"type": "RegularAxisType",
				"id": "examples:CIS_DS_GG_LONG_25_3D",
				"axisLabel": "Long",
				"lowerBound": -10,
				"upperBound": 10,
				"uomLabel": "deg",
				"resolution": 10
			},{
				"type": "RegularAxisType",
				"id": "examples:CIS_DS_GG_DATE_25_3D",
				"axisLabel": "date",
				"lowerBound": "2015-12-01",
				"upperBound": "2015-12-03",
				"uomLabel": "d",
				"resolution": 1
			}],
			"gridLimits": {
				"type": "GridLimitsType",
				"id": "examples:CIS_DS_GG_GL_25_3D",
				"srsName": "http://www.opengis.net/def/crs/OGC/0/Index3D",
				"axisLabels": ["i", "j", "k"],
				"axis": [{
					"type": "IndexAxisType",
					"id": "examples:CIS_DS_GG_GL_I_25_3D",
					"axisLabel": "i",
					"lowerBound": 0,
					"upperBound": 2
				},{
					"type": "IndexAxisType",
					"id": "examples:CIS_DS_GG_GL_J_25_3D",
					"axisLabel": "j",
					"lowerBound": 0,
					"upperBound": 2
				},{
					"type": "IndexAxisType",
					"id": "examples:CIS_DS_GG_GL_K_25_3D",
					"axisLabel": "k",
					"lowerBound": 0,
					"upperBound": 2
				}]
			}
		}
	},
	"rangeSet": {
		"@context": "http://localhost/json-ld/rangeset-context.json",
		"type": "RangeSetType",
		"id": "examples:CIS_RS_25_3D",
		"dataBlock": {
			"id": "examples:CIS_RS_DB_25_3D",
			"type": "VDataBlockType",
			"values": [1,2,3,4,5,6,7,8,9, 10,11,12,13,14,15,16,17,18, 19,20,21,22,23,24,25,26,27]
		}
	},
	"rangeType": {
		"@context": "http://localhost/json-ld/rangetype-context.json",
		"type": "DataRecordType",
		"id": "examples:CIS_RT_25_3D",
		"names": "q",
		"field":[{
			"type": "QuantityType",
			"id": "examples:CIS_RT_F_25_3D",
			"name": "q",
			"definition": "ogcType:unsignedInt",
			"uom": {
				"type": "UnitReference",
				"id": "examples:CIS_RT_F_UOM_25_3D",
				"code": "10^0"
			}
		}]
	}
}
