{
	"@context": ["http://localhost/json-ld/coverage-context.json", {"examples": "http://www.opengis.net/cis/1.1/examples/"}],
	"type": "CoverageByPartitioningType",
	"id": "examples:CIS_50_3D",
	"partitionSet":{
		"@context": "http://localhost/json-ld/partitionset-context.json",
		"type": "PartitionSetType",
		"id": "examples:CIS_PS_50_3D",
		"partition":[{
			"type": "PartitionRefType",
			"id": "examples:CIS_PS_P1_50_3D",
			"envelope":{
				"@context": "http://localhost/json-ld/envelope-context.json",
				"type": "EnvelopeByAxisType",
				"id": "examples:CIS_PS_P1_E_50_3D",
				"srsName": "http://www.opengis.net/def/crs/EPSG/0/4326",
				"axisLabels": ["Lat", "Long", "d"],
				"axis": [{
					"type": "AxisExtentType",
					"id": "examples:CIS_PS_P1_LAT_50_3D",
					"axisLabel": "Lat",
					"lowerBound": -80,
					"upperBound": -70,
					"uomLabel": "deg"
				},{
					"type": "AxisExtentType",
					"id": "examples:CIS_PS_P1_LONG_50_3D",
					"axisLabel": "Long",
					"lowerBound": 0,
					"upperBound": 10,
					"uomLabel": "deg"
				},{
					"type": "AxisExtentType",
					"id": "examples:CIS_PS_P1_D_50_3D",
					"axisLabel": "date",
					"lowerBound": 100003,
					"upperBound": 100003,
					"uomLabel": "d"
				}]
			},
			"coverageRef": "http://www.acme.com/CIS_002"
		},{
			"type": "PartitionRefType",
			"id": "examples:CIS_PS_P2_50_3D",
			"envelope":{
				"@context": "http://localhost/json-ld/envelope-context.json",
				"type": "EnvelopeByAxisType",
				"id": "examples:CIS_PS_P2_E_50_3D",
				"srsName": "http://www.opengis.net/def/crs/EPSG/0/4326",
				"axisLabels": ["Lat", "Long", "d"],
				"axis": [{
					"type": "AxisExtentType",
					"id": "examples:CIS_PS_P2_LAT_50_3D",
					"axisLabel": "Lat",
					"lowerBound": -80,
					"upperBound": -70,
					"uomLabel": "deg"
				},{
					"type": "AxisExtentType",
					"id": "examples:CIS_PS_P2_LONG_50_3D",
					"axisLabel": "Long",
					"lowerBound": 0,
					"upperBound": 10,
					"uomLabel": "deg"
				},{
					"type": "AxisExtentType",
					"id": "examples:CIS_PS_P2_D_50_3D",
					"axisLabel": "date",
					"lowerBound": 100004,
					"upperBound": 100004,
					"uomLabel": "d"
				}]
			},
			"coverageRef": "CIS_003"
		},{
			"type": "PartitionRefType",
			"id": "examples:CIS_PS_P3_50_3D",
			"envelope":{
				"@context": "http://localhost/json-ld/envelope-context.json",
				"type": "EnvelopeByAxisType",
				"id": "examples:CIS_PS_P3_E_50_3D",
				"srsName": "http://www.opengis.net/def/crs/EPSG/0/4326",
				"axisLabels": ["Lat", "Long", "d"],
				"axis": [{
					"type": "AxisExtentType",
					"id": "examples:CIS_PS_P3_LAT_50_3D",
					"axisLabel": "Lat",
					"lowerBound": -80,
					"upperBound": -70,
					"uomLabel": "deg"
				},{
					"type": "AxisExtentType",
					"id": "examples:CIS_PS_P3_LONG_50_3D",
					"axisLabel": "Long",
					"lowerBound": 0,
					"upperBound": 10,
					"uomLabel": "deg"
				},{
					"type": "AxisExtentType",
					"id": "examples:CIS_PS_P3_D_50_3D",
					"axisLabel": "date",
					"lowerBound": 100005,
					"upperBound": 100005,
					"uomLabel": "d"
				}]
			},
			"coverageRef": "http://www.acme.com/wcs?SERVICE=WCS&amp;VERSION=2.0&amp;REQUEST=GetCoverage&amp;COVERAGEID=CIS_004"
		}]
	},
	"rangeType": {
		"@context": "http://localhost/json-ld/rangetype-context.json",
		"type": "DataRecordType",
		"id": "examples:CIS_RT_50_3D",
		"field":[{
			"type": "QuantityType",
			"id": "examples:CIS_RT_F_50_3D",
			"definition": "ogcType:unsignedInt",
			"uom": {
				"type": "UnitReference",
				"id": "examples:CIS_RT_F_UOM__50_3D",
				"code": "10^0"
			}
		}]
	}
}
