{
	"@context": ["http://localhost/json-ld/coverage-context.json", {"examples": "http://www.opengis.net/cis/1.1/examples/"}],
	"type": "CoverageByDomainAndRangeType",
	"id": "examples:CIS_60_3D",
	"domainSet":{
		"@context": "http://localhost/json-ld/domainset-context.json",
		"type": "DomainSetType",
		"id": "examples:CIS_DS_60_3D",
		"generalGrid":{
			"type": "GeneralGridCoverageType",
			"id": "examples:CIS_DS_GG_60_3D",
			"srsName": "http://www.opengis.net/def/crs-compound?1=http://www.opengis.net/def/crs/EPSG/0/4326&amp;2=http://www.opengis.net/def/crs/OGC/0/AnsiDate",
			"axisLabels": ["Lat", "Long", "date"],
			"axis": [{
				"type": "RegularAxisType",
				"id": "examples:CIS_DS_GG_LAT_60_3D",
				"axisLabel": "Lat",
				"lowerBound": -80,
				"upperBound": -70,
				"uomLabel": "deg",
				"resolution": 5
			},{
				"type": "RegularAxisType",
				"id": "examples:CIS_DS_GG_LAT_60_3D",
				"axisLabel": "Long",
				"lowerBound": 0,
				"upperBound": 10,
				"uomLabel": "deg",
				"resolution": 5
			},{
				"type": "IrregularAxisType",
				"id": "examples:CIS_DS_GG_DATE_60_3D",
				"axisLabel": "date",
				"uomLabel": "d",
				"coordinate": ["2015-12-01", "2015-12-31"]
			}],
			"gridLimits": {
				"type": "GridLimitsType",
				"id": "examples:CIS_DS_GG_GL_60_3D",
				"srsName": "http://www.opengis.net/def/crs/OGC/0/Index3D",
				"axisLabels": ["i", "j", "k"],
				"axis": [{
					"type": "IndexAxisType",
					"id": "examples:CIS_DS_GG_GL_I_60_3D",
					"axisLabel": "i",
					"lowerBound": 0,
					"upperBound": 2
				},{
					"type": "IndexAxisType",
					"id": "examples:CIS_DS_GG_GL_J_60_3D",
					"axisLabel": "j",
					"lowerBound": 0,
					"upperBound": 2
				},{
					"type": "IndexAxisType",
					"id": "examples:CIS_DS_GG_GL_K_60_3D",
					"axisLabel": "k",
					"lowerBound": 0,
					"upperBound": 1
				}]
			}
		}
	},
	"rangeSet": {
		"@context": "http://localhost/json-ld/rangeset-context.json",
		"type": "RangeSetRefType",
		"id": "examples:CIS_RS_60_3D",
		"fileReference": "http://www.acme.com/cis_001.nc"
	},
	"rangeType": {
		"@context": "http://localhost/json-ld/rangetype-context.json",
		"type": "DataRecordType",
		"id": "examples:CIS_RT_60_3D",
		"field":[{
			"type": "QuantityType",
			"id": "examples:CIS_RT_F_60_3D",
			"name": "panchromatic",
			"definition": "ogcType:unsignedInt",
			"uom": {
				"type": "UnitReference",
				"id": "examples:CIS_RT_F_UOM_60_3D",
				"code": "10^0"
			}
		}]
	}
}
