{
	"@context": ["http://localhost/json-ld/coverage-context.json", {"examples": "http://www.opengis.net/cis/1.1/examples/"}],
	"type": "CoverageByDomainAndRangeType",
	"id": "examples:CIS_90",
	"envelope": {
		"@context": "http://localhost/json-ld/envelope-context.json",
		"type": "EnvelopeByAxisType",
		"id": "examples:CIS_EV_90",
		"srsName": "http://www.opengis.net/def/crs/EPSG/0/4979",
		"axisLabels": ["x", "y", "h"],
		"axis": [{
			"type": "AxisExtentType",
			"id": "examples:CIS_EV_X_90",
			"axisLabel": "x",
			"lowerBound": 456377.5,
			"upperBound": 456377.7,
			"uomLabel": "m"
		},{
			"type": "AxisExtentType",
			"id": "examples:CIS_EV_Y_90",
			"axisLabel": "y",
			"lowerBound": 339866.8,
			"upperBound": 339867.2,
			"uomLabel": "m"
		},{
			"type": "AxisExtentType",
			"id": "examples:CIS_EV_H_90",
			"axisLabel": "h",
			"lowerBound": 52,
			"upperBound": 53,
			"uomLabel": "m"
		}]
	},
	"domainSet":{
		"@context": "http://localhost/json-ld/domainset-context.json",
		"type": "DomainSetType",
		"id": "examples:CIS_DS_90",
		"directMultiPoint":{
			"type": "DirectMultiPointType",
			"id": "examples:CIS_DS_DMP_90",
			"coordinates": [[456377.56257493998, 339867.24995001999, 53.953899579999998],
							[456377.50007493998, 339867.21865002002, 53.960899580000003],
							[456377.56257493998, 339867.21865002002, 53.958999579999997],
							[456377.50007493998, 339867.21865002002, 53.960899580000003]]
		}
	},
	"rangeSet": {
		"@context": "http://localhost/json-ld/rangeset-context.json",
		"type": "RangeSetType",
		"id": "examples:CIS_RS_90",
		"dataBlock": {
			"id": "examples:CIS_RS_DB_90",
			"type": "VDataBlockType",
			"values": [255,255,255, 255,255,255, 255,255,255]
		}
	},
	"rangeType": {
		"@context": "http://localhost/json-ld/rangetype-context.json",
		"type": "DataRecordType",
		"id": "examples:CIS_RT_90",
		"field": [{
			"type": "QuantityType",
			"id": "examples:CIS_RT_F1_90",
			"name": "red",
			"definition": "ogcType:unsigned",
			"uom": {
				"type": "UnitReference",
				"id": "examples:CIS_RT_F1_UOM_90",
				"code": "10^0"
			},
			"constraint": {
				"type": "AllowedValues",
				"id": "examples:CIS_RT_C1_UOM_90",
				"interval": [0, 255]
			}
		},{
			"type": "QuantityType",
			"id": "examples:CIS_RT_F2_90",
			"name": "green",
			"definition": "ogcType:unsigned",
			"uom": {
				"type": "UnitReference",
				"id": "examples:CIS_RT_F2_UOM_90",
				"code": "10^0"
			},
			"constraint": {
				"type": "AllowedValues",
				"id": "examples:CIS_RT_C2_UOM_90",
				"interval": [0, 255]
			}
		},{
			"type": "QuantityType",
			"id": "examples:CIS_RT_F3_90",
			"name": "blue",
			"definition": "ogcType:unsigned",
			"uom": {
				"type": "UnitReference",
				"id": "examples:CIS_RT_F3_UOM_90",
				"code": "10^0"
			},
			"constraint": {
				"type": "AllowedValues",
				"id": "examples:CIS_RT_C3_UOM_90",
				"interval": [0, 255]
			}
		}]
	}
}
